{
  "jogos": [
    {
      "id": 1,
      "nome": "The Witcher 3: Wild Hunt",
      "genero": "RPG de Ação",
      "preço": 59.99
    },
    {
      "id": 2,
      "nome": "Red Dead Redemption 2",
      "genero": "Ação-Aventura",
      "preço": 79.99
    },
    {
      "id": 3,
      "nome": "Cyberpunk 2077",
      "genero": "RPG de Ação",
      "preço": 69.99
    },
    {
      "id": 4,
      "nome": "Elden Ring",
      "genero": "RPG de Ação",
      "preço": 89.99
    },
    {
      "id": 5,
      "nome": "Minecraft",
      "genero": "Sandbox",
      "preço": 29.99
    },
    {
      "id": 6,
      "nome": "Grand Theft Auto V",
      "genero": "Ação-Aventura",
      "preço": 19.99
    }
  ]
}